name,guideSeq,otSeq
Frock_RAG1B,GACTTGTTTTCATTGTTCTCAGG,TCCTTGTTTTCATTGTTCTCTGG
Kim16_VEGFA2,GACCCCCTCCACCCCGCCTCCGG,CTCCCCACCCACCCCGCCTCAGG
Cho_ccr5-7,AACACCAGTGAGTAGAGCGGAGG,AACACCAGCGAGTAGAGCGGAGG
Frock_EMX,GAGTCCGAGCAGAAGAAGAAGGG,GAGTCTAAGCAGAAGAAGAAGAG
Cho_ccr5-6,ATGAACACCAGTGAGTAGAGCGG,ATGAACACCAGCGAGTAGAGCGG
Frock_EMX,GAGTCCGAGCAGAAGAAGAAGGG,GAGTTAGAGCAGAAGAAGAAAGG
Frock_RAG1A,GCCTCTTTCCCACCCACCTTGGG,ACCCCTTCCCCACCTACCTTGGG
Hsu_EMX1.3,GAGTCCGAGCAGAAGAAGAAGGG,GAGTCTAAGCAGAAGAAGAAGAG
Frock_RAG1A,GCCTCTTTCCCACCCACCTTGGG,TCCTCCTCCCCACCCACCTTCAG
Ran_EMX1-sg1,GCCTCCCCAAAGCCTGGCCAGGG,ACCTCCCCATAGCCTGGCCAGGG
Frock_VEGFA,GGGTGGGGGGAGTTTGCTCCTGG,GGATGGAGGGAGTTTGCTCCTGG
Frock_VEGFA,GGGTGGGGGGAGTTTGCTCCTGG,TAGTGGAGGGAGCTTGCTCCTGG
Frock_VEGFA,GGGTGGGGGGAGTTTGCTCCTGG,GGGGAGGGGAAGTTTGCTCCTGG
Ran_EMX1-sg1,GCCTCCCCAAAGCCTGGCCAGGG,TCCTCCCCACAGCCTGGCCAGGG
Frock_RAG1B,GACTTGTTTTCATTGTTCTCAGG,CATTTGTTTTCATTGTTCTCTGG
Frock_RAG1A,GCCTCTTTCCCACCCACCTTGGG,CCCTCCTTCCCACCCACTTTGGG
Frock_RAG1A,GCCTCTTTCCCACCCACCTTGGG,TCCTCTCTCCCACCCACCTCCGG
Hsu_EMX1.3,GAGTCCGAGCAGAAGAAGAAGGG,GAGTCCTAGCAGGAGAAGAAGAG
Frock_EMX,GAGTCCGAGCAGAAGAAGAAGGG,AAGTCTGAGCACAAGAAGAATGG
Kim16_VEGFA1,GGGTGGGGGGAGTTTGCTCCAGG,TTGGGGGGGCAGTTTGCTCCTGG
Wang_WAS-CR4,TGGATGGAGGAATGAGGAGTTGG,GGGAGGGAGGAATGAGGAGTGGG
Wang_WAS-CR4,TGGATGGAGGAATGAGGAGTTGG,GGGATGGAGGGATGAGGAGTGGG
Wang_WAS-CR4,TGGATGGAGGAATGAGGAGTTGG,TGGATGGAGGGATGAGGAGTGGG
Frock_VEGFA,GGGTGGGGGGAGTTTGCTCCTGG,GGGAGGGTGGAGTTTGCTCCTGG
Frock_RAG1A,GCCTCTTTCCCACCCACCTTGGG,ACGTCTTCCCCACCCACCTGGGG
Frock_RAG1A,GCCTCTTTCCCACCCACCTTGGG,ACTTCCTTCCCACCCACCTTCAG
Frock_VEGFA,GGGTGGGGGGAGTTTGCTCCTGG,CGGGGGAGGGAGTTTGCTCCTGG
Kim/Hap1_VEGFA,GGGTGGGGGGAGTTTGCTCCTGG,GGATGGAGGGAGTTTGCTCCTGG
Frock_RAG1A,GCCTCTTTCCCACCCACCTTGGG,TCCTCTTCTCCACCCACCTCTGG
Frock_EMX,GAGTCCGAGCAGAAGAAGAAGGG,GAGGCCGAGCAGAAGAAAGACGG
Frock_EMX,GAGTCCGAGCAGAAGAAGAAGGG,AAGCCCGAGCAAAGGAAGAAAGG
Frock_RAG1A,GCCTCTTTCCCACCCACCTTGGG,GTCTCTTTCTCACCCACTTTGGG
Frock_VEGFA,GGGTGGGGGGAGTTTGCTCCTGG,GGGTGGGGGGAGTTTGCCCCAGG
Frock_RAG1A,GCCTCTTTCCCACCCACCTTGGG,CACCCTTTCCCATCCACCTTTGG
Frock_RAG1A,GCCTCTTTCCCACCCACCTTGGG,GCCTCTTCCACACCCACCCTGGG
Wang_WAS-CR4,TGGATGGAGGAATGAGGAGTTGG,AGGAGGGAGGAATGGGGAGTTGG
Frock_VEGFA,GGGTGGGGGGAGTTTGCTCCTGG,GTGGGGGTAGAGTTTGCTCCAGG
Hsu_EMX1.1,GTCACCTCCAATGACTAGGGTGG,GCTACCTCCAGTGACTAGGGAAG
Frock_VEGFA,GGGTGGGGGGAGTTTGCTCCTGG,GAGGGGGAGCAGTTTGCTCCAGG
Kim/K562_VEGFA,GGGTGGGGGGAGTTTGCTCCTGG,GGATGGAGGGAGTTTGCTCCTGG
Cho_ccr5-8,CCAGTGAGTAGAGCGGAGGCAGG,CCAGCGAGTAGAGCGGAGGCAGG
Frock_EMX,GAGTCCGAGCAGAAGAAGAAGGG,GAGTCCTAGCAGGAGAAGAAGAG
Hsu_EMX1.3,GAGTCCGAGCAGAAGAAGAAGGG,GAGGCCGAGCAGAAGAAAGACGG
Frock_RAG1A,GCCTCTTTCCCACCCACCTTGGG,GCCTCTTTACCACCTCACCTTGG
Frock_RAG1A,GCCTCTTTCCCACCCACCTTGGG,TTCTCTTCCCCACCCACCTTTGA
Cho_ccr5-4,AAATGAGAAGAAGAGGCACAGGG,AAACGAGAAGAAGAGGCATAGGG
Frock_RAG1A,GCCTCTTTCCCACCCACCTTGGG,TCCTCTTCTCCACCCACCATAGG
Frock_VEGFA,GGGTGGGGGGAGTTTGCTCCTGG,GCGTGGGGGGTGTTTGCTCCCGG
Cho_ccr5-5,CCTGCCTCCGCTCTACTCACTGG,CCTGCCTCCGCTCTACTCGCTGG
Frock_VEGFA,GGGTGGGGGGAGTTTGCTCCTGG,CTGGTGGGGGAGCTTGCTCCAGG
Frock_VEGFA,GGGTGGGGGGAGTTTGCTCCTGG,AGGAAGGAGGAGTTAGCTCCTGG
Frock_RAG1A,GCCTCTTTCCCACCCACCTTGGG,GTCTCTTTCCCATCCACCTTTGA
Frock_EMX,GAGTCCGAGCAGAAGAAGAAGGG,GAGTCCGGGAAGGAGAAGAAAGG
Frock_VEGFA,GGGTGGGGGGAGTTTGCTCCTGG,GGTGGGGGTGGGTTTGCTCCTGG
Kim/Hap1_HBB,CTTGCCCCACAGGGCAGTAACGG,TCAGCCCCACAGGGCAGTAAGGG
Frock_VEGFA,GGGTGGGGGGAGTTTGCTCCTGG,GGGCAAGGGGAGGTTGCTCCTGG
Frock_RAG1A,GCCTCTTTCCCACCCACCTTGGG,GCCCCTACCCCACCCACCTGGGT
Frock_VEGFA,GGGTGGGGGGAGTTTGCTCCTGG,AGGTGGTGGGAGCTTGTTCCTGG
Wang_WAS-CR4,TGGATGGAGGAATGAGGAGTTGG,CGGACGGAGGAATGGGGAGTGGG
Frock_VEGFA,GGGTGGGGGGAGTTTGCTCCTGG,GGAGGAGGGGAGTCTGCTCCAGG
Wang_WAS-CR4,TGGATGGAGGAATGAGGAGTTGG,GAGGATGGGGAATGAGGAGTAGG
Frock_RAG1A,GCCTCTTTCCCACCCACCTTGGG,ACCTCTTATCCACCCACCTTGGC
Frock_VEGFA,GGGTGGGGGGAGTTTGCTCCTGG,AGCTGAGGGGAGCTTGCTCTGGG
Frock_EMX,GAGTCCGAGCAGAAGAAGAAGGG,GAGCCGGAGCAGAAGAAGGAGGG
Frock_VEGFA,GGGTGGGGGGAGTTTGCTCCTGG,GAGTGGGTGGAGTTTGCTACAGG
Frock_VEGFA,GGGTGGGGGGAGTTTGCTCCTGG,GGTTGAGGGGAGTCTGCTCCAGG
Frock_RAG1A,GCCTCTTTCCCACCCACCTTGGG,GCCTCTCCCCACCCACCCTTGGC
Frock_EMX,GAGTCCGAGCAGAAGAAGAAGGG,GAATCCAAGCAGAAGAAGAGAAG
Frock_EMX,GAGTCCGAGCAGAAGAAGAAGGG,AAGTCAGAGCAGAAAAAGAGAGG
Frock_VEGFA,GGGTGGGGGGAGTTTGCTCCTGG,GGGTGGGTGGAGTTTGCTACTGG
Frock_VEGFA,GGGTGGGGGGAGTTTGCTCCTGG,AGGGAGGAGGAATTTGCTCCAGG
Frock_RAG1A,GCCTCTTTCCCACCCACCTTGGG,ACCTCCTTCCCGCCCACCTGGGG
Kim/K562_HBB,CTTGCCCCACAGGGCAGTAACGG,TCAGCCCCACAGGGCAGTAAGGG
Frock_VEGFA,GGGTGGGGGGAGTTTGCTCCTGG,GGGGGTGGGGACTTTGCTCCAGG
Frock_RAG1A,GCCTCTTTCCCACCCACCTTGGG,ACCCCTTCCCCACTCACCTCCGG
Kim16_VEGFA1,GGGTGGGGGGAGTTTGCTCCAGG,AGGGAGGAGGAATTTGCTCCAGG
Cho_ccr5-2,GACACCGAAGCAGAGTTTTTAGG,GACAATAAAGCAGAGTTTTTTGG
Frock_VEGFA,GGGTGGGGGGAGTTTGCTCCTGG,GGGCAGAGGGAGTTAGCACCGGG
Frock_RAG1A,GCCTCTTTCCCACCCACCTTGGG,GCTTCTTCCCCACCCACACTTGG
Wang_WAS-CR4,TGGATGGAGGAATGAGGAGTTGG,TGGATGGAAGAATGAGGGGTGGG
Wang_WAS-CR4,TGGATGGAGGAATGAGGAGTTGG,ACGATGGAGGAATGAGGACTTGG
Frock_RAG1A,GCCTCTTTCCCACCCACCTTGGG,CACCCTTCCCCACCCACCCTGGG
Frock_VEGFA,GGGTGGGGGGAGTTTGCTCCTGG,AAGTAAGGGAAGTTTGCTCCTGG
Wang_WAS-CR5,CCCTGTGTCTCTGGATGGATGGG,CCCTGTGTCTCTGGGTGGAAGAG
Frock_VEGFA,GGGTGGGGGGAGTTTGCTCCTGG,AGGAAGGAGGAGTTAGCTCCTGG
Frock_VEGFA,GGGTGGGGGGAGTTTGCTCCTGG,AGGAAGGAGGAGTTAGCTCCTGG
Kim16_EMX1,GAGTCCGAGCAGAAGAAGAAGGG,AAGTCAGAGGAGAAGAAGAAGGG
Frock_RAG1A,GCCTCTTTCCCACCCACCTTGGG,GCCCCTCCCCCACCCACCCTGGG
Frock_VEGFA,GGGTGGGGGGAGTTTGCTCCTGG,AGCTGGAGGGAGTTTGCCCCAGG
Frock_RAG1A,GCCTCTTTCCCACCCACCTTGGG,TGCTCTTCCCCACCCACCCAAGG
Frock_VEGFA,GGGTGGGGGGAGTTTGCTCCTGG,GAGGGTGGGGAGTTTACTCCTGG
Wang_WAS-CR4,TGGATGGAGGAATGAGGAGTTGG,GCGATGGAGGAATGAAGAGTTGG
Kim/Hap1_VEGFA,GGGTGGGGGGAGTTTGCTCCTGG,TAGTGGAGGGAGCTTGCTCCTGG
Frock_RAG1A,GCCTCTTTCCCACCCACCTTGGG,ACCTCCATCCTCCCCACCTTGGG
Kim/Hap1_VEGFA,GGGTGGGGGGAGTTTGCTCCTGG,GGGTGGGGGGAGTTTGCCCCAGG
Hsu_EMX1.3,GAGTCCGAGCAGAAGAAGAAGGG,AAGTCCGAGGAGAGGAAGAAAGG
Frock_RAG1A,GCCTCTTTCCCACCCACCTTGGG,GGCTCCTCCTCACCCACCTCTGG
Frock_RAG1A,GCCTCTTTCCCACCCACCTTGGG,GACTCTTTTCCACCCACCCTAGG
Frock_VEGFA,GGGTGGGGGGAGTTTGCTCCTGG,GGGTGAGGGGAATAAACTCCAGG
Frock_RAG1A,GCCTCTTTCCCACCCACCTTGGG,ACCTCTTCCCTCCCCACCTTTGG
Frock_VEGFA,GGGTGGGGGGAGTTTGCTCCTGG,AGGTCGGGGGAGTTAGATCCCGG
Kim16_VEGFA1,GGGTGGGGGGAGTTTGCTCCAGG,GGGTGGGTGGAGTTTGCTACTGG
Frock_VEGFA,GGGTGGGGGGAGTTTGCTCCTGG,GGGGAGGGGGAGGGTGCTCCAGG
Frock_VEGFA,GGGTGGGGGGAGTTTGCTCCTGG,GGGAGGGGAGAGTTTGTTCCAGG
Wang_WAS-CR4,TGGATGGAGGAATGAGGAGTTGG,TCCATGGAGGAATGAGGAGAGGG
Frock_RAG1A,GCCTCTTTCCCACCCACCTTGGG,ACCTCTTTCCATCCCACCTTGGG
Kim16_VEGFA1,GGGTGGGGGGAGTTTGCTCCAGG,AGCTGGAGGGAGTTTGCCCCAGG
Frock_VEGFA,GGGTGGGGGGAGTTTGCTCCTGG,AAGTGGGAAGAGTTTGTTCCAGG
Kim16_RNF2,GTCATCTTAGTCATTACCTGAGG,GGTATCTAAGTCATTACCTGTGG
Frock_EMX,GAGTCCGAGCAGAAGAAGAAGGG,ACGTCTGAGCAGAAGAAGAATGG
Frock_VEGFA,GGGTGGGGGGAGTTTGCTCCTGG,GGGAGGGGGCAGGTTGCTCCAGG
Kim16_VEGFA3,GGTGAGTGAGTGTGTGCGTGTGG,TGTGTGAGTGAGTGTGTGTGTGG
Cho_ccr5-2,GACACCGAAGCAGAGTTTTTAGG,CACACCGAAGCTGGGTTTTTAGG
Cho_ccr5-2,GACACCGAAGCAGAGTTTTTAGG,GACAACAAAGTAGAGTTTTTAGG
Cho_ccr5-2,GACACCGAAGCAGAGTTTTTAGG,GAGACAGAAGGAGAGTTTTTAGG
Frock_VEGFA,GGGTGGGGGGAGTTTGCTCCTGG,AGGTAGGAGAAGCTTGCTCCTGA
Frock_VEGFA,GGGTGGGGGGAGTTTGCTCCTGG,GGTGGGGGAGAGCTAGCTCCGGG
Kim16_HEK4,GGCACTGCGGCTGGAGGTGGGGG,GGAACTGGGGCTGGGGGTGGGGG
Frock_EMX,GAGTCCGAGCAGAAGAAGAAGGG,AAGTCCGAGGAGAGGAAGAAAGG
Frock_RAG1A,GCCTCTTTCCCACCCACCTTGGG,GTGTATTCCCCACCCACCTTGGG
Frock_EMX,GAGTCCGAGCAGAAGAAGAAGGG,GAGTAGGAGCAGGAGAAGAAGGA
Kim16_VEGFA3,GGTGAGTGAGTGTGTGCGTGTGG,TGTGAGTGAGTGAGTGAATGTGG
Hsu_EMX1.2,GACATCGATGTCCTCCCCATTGG,CACATAGGTGTCCTCCCCATAGG
Frock_RAG1A,GCCTCTTTCCCACCCACCTTGGG,GCCCCTTCCCCACCCACCCTGTG
Hsu_EMX1.3,GAGTCCGAGCAGAAGAAGAAGGG,ACGTCTGAGCAGAAGAAGAATGG
Cho_ccr5-2,GACACCGAAGCAGAGTTTTTAGG,GACACCGAAGCAGGGTTTTCAGG
Kim/K562_VEGFA,GGGTGGGGGGAGTTTGCTCCTGG,GGGTGGGGGGAGTTTGCCCCAGG
Cho_c4bpb,AATGACCACTACATCCTCAAGGG,AATGACCACAGCATCCTCAGTGG
Kim/K562_VEGFA,GGGTGGGGGGAGTTTGCTCCTGG,TAGTGGAGGGAGCTTGCTCCTGG
Frock_VEGFA,GGGTGGGGGGAGTTTGCTCCTGG,AAGTGGGAGGAGACTGCTCCAGG
Kim/Hap1_VEGFA,GGGTGGGGGGAGTTTGCTCCTGG,GGGGAGGGGAAGTTTGCTCCTGG
Hsu_EMX1.3,GAGTCCGAGCAGAAGAAGAAGGG,GAGTCCAAGCAGTAGAGGAAGGG
Frock_RAG1A,GCCTCTTTCCCACCCACCTTGGG,ACCTTGTCCCCACCCACCAGGGG
Frock_RAG1A,GCCTCTTTCCCACCCACCTTGGG,GCCCCTTACCCATCCACCCTGGG
Kim16_EMX1,GAGTCCGAGCAGAAGAAGAAGGG,GAATCCAAGCAGAAGAAGAGAAG
Frock_VEGFA,GGGTGGGGGGAGTTTGCTCCTGG,AAATGGGGGGAGTTTGCCCCCCG
Frock_VEGFA,GGGTGGGGGGAGTTTGCTCCTGG,GGGGGCGGGGAGGTTGCCCCGGG
Frock_RAG1A,GCCTCTTTCCCACCCACCTTGGG,GCCCCTGCCCCACCCACCTGTGG
Cho_ccr5-7,AACACCAGTGAGTAGAGCGGAGG,TACTCCAGTGAGTAGAGAGGCGG
Kim16_HEK3,GGCCCAGACTGAGCACGTGATGG,GGCTCAGACTGAGCACCTGAGAG
Cho_ccr5-2,GACACCGAAGCAGAGTTTTTAGG,GACACTGAAGCAGTGATTTTAGG
Ran_EMX1-sg1,GCCTCCCCAAAGCCTGGCCAGGG,TTCTCCCCAAAGCCTGGCCACAG
