nameLong,name,guideSeq,otSeq,label
VEGFA_site1_chr15_65637537_3237,VEGFA_site1,GGGTGGGGGGAGTTTGCTCCTGG,GGATGGAGGGAGTTTGCTCCTGG,0
VEGFA_site1_chr6_43737297_2685,VEGFA_site1,GGGTGGGGGGAGTTTGCTCCTGG,GGGTGGGGGGAGTTTGCTCCTGG,0
VEGFA_site1_chr17_39796328_1935,VEGFA_site1,GGGTGGGGGGAGTTTGCTCCTGG,TAGTGGAGGGAGCTTGCTCCTGG,0
VEGFA_site1_chr1_99347651_819,VEGFA_site1,GGGTGGGGGGAGTTTGCTCCTGG,GGGGAGGGGAAGTTTGCTCCTGG,0
VEGFA_site1_chr12_131690198_597,VEGFA_site1,GGGTGGGGGGAGTTTGCTCCTGG,GGGAGGGTGGAGTTTGCTCCTGG,0
VEGFA_site1_chr12_1988076_375,VEGFA_site1,GGGTGGGGGGAGTTTGCTCCTGG,CGGGGGAGGGAGTTTGCTCCTGG,0
VEGFA_site1_chr17_47317539_324,VEGFA_site1,GGGTGGGGGGAGTTTGCTCCAGG,CTGGTGGGGGAGCTTGCTCCAGG,0
VEGFA_site1_chr22_37215275_249,VEGFA_site1,GGGTGGGGGGAGTTTGCTCCAGG,GGGTGGGGGGAGTTTGCCCCAGG,0
VEGFA_site1_chr5_32945275_246,VEGFA_site1,GGGTGGGGGGAGTTTGCTCCCGG,GCGTGGGGGGTGTTTGCTCCCGG,0
VEGFA_site1_chr6_14316373_241,VEGFA_site1,GGGTGGGGGGAGTTTGCTCCAGG,GTGGGGGTAGAGTTTGCTCCAGG,0
VEGFA_site1_chr5_7067158_115,VEGFA_site1,GGGTGGGGGGAGTTTGCTCCTGG,GAGGGTGGGGAGTTTACTCCTGG,0
VEGFA_site1_chr1_233157353_58,VEGFA_site1,GGGTGGGGGGAGTTTGCTCCAGG,GGAGGAGGGGAGTCTGCTCCAGG,0
VEGFA_site1_chr5_56172097_50,VEGFA_site1,GGGTGGGGGGAGTTTGCTCCTGG,GGTGGGGGTGGGTTTGCTCCTGG,0
VEGFA_site1_chr22_19698463_47,VEGFA_site1,GGGTGGGGGGAGTTTGCTCCAGG,GAGGGGGAGCAGTTTGCTCCAGG,0
VEGFA_site1_chr4_8453802_24,VEGFA_site1,GGGTGGGGGGAGTTTGCTCCAGG,GAGTGGGTGGAGTTTGCTACAGG,0
VEGFA_site1_chr3_128284321_16,VEGFA_site1,GGGTGGGGGGAGTTTGCTCCTGG,AGGTGGTGGGAGCTTGTTCCTGG,0
VEGFA_site1_chr11_117481208_14,VEGFA_site1,GGGTGGGGGGAGTTTGCTCCTGG,GGGCAAGGGGAGGTTGCTCCTGG,0
VEGFA_site1_chr3_195871264_11,VEGFA_site1,GGGTGGGGGGAGTTTGCTCCGGG,GGTGGGGGAGAGCTAGCTCCGGG,0
VEGFA_site1_chr11_67574261_7,VEGFA_site1,GGGTGGGGGGAGTTTGCTCCTGG,AGGAAGGAGGAGTTAGCTCCTGG,0
VEGFA_site1_chr13_26202811_6,VEGFA_site1,GGGTGGGGGGAGTTTGCTCCAGG,GGTTGAGGGGAGTCTGCTCCAGG,0
VEGFA_site1_chr16_8763213_5,VEGFA_site1,GGGTGGGGGGAGTTTGCTCCTGG,AAGTAAGGGAAGTTTGCTCCTGG,0
VEGFA_site1_chr3_125633992_4,VEGFA_site1,GGGTGGGGGGAGTTTGCTCCTGG,AGGAAGGAGGAGTTAGCTCCTGG,0
VEGFA_site2_chr5_6715118_1925,VEGFA_site2,GACCCCCTCCACCCCGCCTCCGG,CTACCCCTCCACCCCGCCTCCGG,0
VEGFA_site2_chr2_242214606_1549,VEGFA_site2,GACCCCCTCCACCCCGCCTCAGG,ATTCCCCCCCACCCCGCCTCAGG,0
VEGFA_site2_chr9_103599649_1178,VEGFA_site2,GACCCCCTCCACCCCGCCTCAGG,ACACCCCCCCACCCCGCCTCAGG,0
VEGFA_site2_chr16_56963429_1107,VEGFA_site2,GACCCCCTCCACCCCGCCTCTGG,TGCCCCCCCCACCCCACCTCTGG,0
VEGFA_site2_chr4_38537627_1054,VEGFA_site2,GACCCCCTCCACCCCGCCTCAGG,CTCCCCCCCCACCCCGCCTCAGG,0
VEGFA_site2_chr11_71948805_919,VEGFA_site2,GACCCCCTCCACCCCGCCTCCGG,GCTTCCCTCCACCCCGCATCCGG,0
VEGFA_site2_chr17_4358752_803,VEGFA_site2,GACCCCCTCCACCCCGCCTCTGG,TACCCCCCACACCCCGCCTCTGG,0
VEGFA_site2_chr17_40044757_791,VEGFA_site2,GACCCCCTCCACCCCGCCTCTGG,TGCCCCTCCCACCCCGCCTCTGG,0
VEGFA_site2_chr9_27338874_767,VEGFA_site2,GACCCCCTCCACCCCGCCTCCGG,GACCCCTCCCACCCCGACTCCGG,0
VEGFA_site2_chr8_144822961_728,VEGFA_site2,GACCCCCTCCACCCCGCCTCAGG,GTACCCCACCACCCCGCCCCAGG,0
VEGFA_site2_chr10_116294256_704,VEGFA_site2,GACCCCCTCCACCCCGCCTCAGG,CCCCACCCCCACCCCGCCTCAGG,0
VEGFA_site2_chr22_50884803_704,VEGFA_site2,GACCCCCTCCACCCCGCCTCCGG,CCCCCCCCCCCCCCCGCCTCCGG,0
VEGFA_site2_chr11_76495788_627,VEGFA_site2,GACCCCCTCCACCCCGCCTCCGG,CACCCCCCCCCCCCCACCTCCGG,0
VEGFA_site2_chr1_151031887_625,VEGFA_site2,GACCCCCTCCACCCCGCCTCCGG,CCTCCCCCACACCCCGCATCCGG,0
VEGFA_site2_chr8_145008405_603,VEGFA_site2,GACCCCCTCCACCCCGCCTCCGG,CCCCCTCCCCGCCCCGCCCCCGG,0
VEGFA_site2_chr6_43738562_540,VEGFA_site2,GACCCCCTCCACCCCGCCTCCGG,GACCCCCTCCACCCCGCCTCCGG,0
VEGFA_site2_chr11_31817483_483,VEGFA_site2,GACCCCCTCCACCCCGCCTCTGG,GGGCCCCTCCACCCCGCCTCTGG,0
VEGFA_site2_chr10_135149947_446,VEGFA_site2,GACCCCCTCCACCCCGCCTCCGG,CGCCCTCCCCACCCCGCCTCCGG,0
VEGFA_site2_chr2_12744775_414,VEGFA_site2,GACCCCCTCCACCCCGCCTCAGG,GACACACCCCACCCCACCTCAGG,0
VEGFA_site2_chr15_33286107_391,VEGFA_site2,GACCCCCTCCACCCCGCCTCCGG,GACCCCCCCCACCCCGCCCCCGG,0
VEGFA_site2_chr13_26626241_365,VEGFA_site2,GACCCCCTCCACCCCGCCTCAGG,TCCCCCCCACCCCCCACCTCAGG,0
VEGFA_site2_chr11_63391090_362,VEGFA_site2,GACCCCCTCCACCCCGCCTCTGG,GACACCTTCCACCCCGTCTCTGG,0
VEGFA_site2_chr18_21359559_357,VEGFA_site2,GACCCCCTCCACCCCGCCTCTGG,GCCCCCACCCACCCCGCCTCTGG,0
VEGFA_site2_chr11_46141855_336,VEGFA_site2,GACCCCCTCCACCCCGCCTCGGG,CATCCCCCCCACCCCACCCCGGG,0
VEGFA_site2_chrX_149932528_330,VEGFA_site2,GACCCCCTCCACCCCGCCTCTGG,CTGCCCCCCCACCCCGCCACTGG,0
VEGFA_site2_chr13_100546988_303,VEGFA_site2,GACCCCCTCCACCCCGCCTCAGG,CCCCCCCCCCCCCCCGCCTCAGG,0
VEGFA_site2_chr19_13122188_291,VEGFA_site2,GACCCCCTCCACCCCGCCTCGGG,GCCCCCCACCACCCCACCTCGGG,0
VEGFA_site2_chr16_82734581_278,VEGFA_site2,GACCCCCTCCACCCCGCCTCGGG,CCCCCCCCCCCCCCCGCCCCGGG,0
VEGFA_site2_chrX_129040641_263,VEGFA_site2,GACCCCCTCCACCCCGCCTCCGG,TGCCCCCCCCACCCCGCCCCCGG,0
VEGFA_site2_chr3_31458658_256,VEGFA_site2,GACCCCCTCCACCCCGCCTCAGG,CTTCCCCCACACCCCGCCCCAGG,0
VEGFA_site2_chr11_374666_252,VEGFA_site2,GACCCCCTCCACCCCGCCTCAGG,AGGCCCCCCCGCCCCGCCTCAGG,0
VEGFA_site2_chr11_13948370_246,VEGFA_site2,GACCCCCTCCACCCCGCCTCAGG,TACCCCCCCCACCCCGCCACAGG,0
VEGFA_site2_chr4_8841917_235,VEGFA_site2,GACCCCCTCCACCCCGCCTCGGG,CATACCCCCCACCCCGCCCCGGG,0
VEGFA_site2_chr9_139440844_202,VEGFA_site2,GACCCCCTCCACCCCGCCTCGGG,CGCCCTCCCCACTCCGCCTCGGG,0
VEGFA_site2_chr19_14142975_192,VEGFA_site2,GACCCCCTCCACCCCGCCTCGGG,GAGCTCCCCCACCCCGCCCCGGG,0
VEGFA_site2_chr7_95319677_179,VEGFA_site2,GACCCCCTCCACCCCGCCTCTGG,GACCCCTCACACCCCGCCCCTGG,0
VEGFA_site2_chr8_18041545_160,VEGFA_site2,GACCCCCTCCACCCCGCCTCGGG,CCCCCCCACCACCCCGCCCCGGG,0
VEGFA_site2_chr17_16954852_141,VEGFA_site2,GACCCCCTCCACCCCGCCTCAGG,CTCCCCCGCCACCCCGCCCCAGG,0
VEGFA_site2_chr20_10913961_138,VEGFA_site2,GACCCCCTCCACCCCGCCTCTGG,CCACCCCCCCACCCCGCCCCTGG,0
VEGFA_site2_chr1_875337_135,VEGFA_site2,GACCCCCTCCACCCCGCCTCAGG,GACCCTGTCCACCCCACCTCAGG,0
VEGFA_site2_chr7_104933955_135,VEGFA_site2,GACCCCCTCCACCCCGCCTCGGG,TCCACCCCCCACCCCGCCCCGGG,0
VEGFA_site2_chr9_126138181_128,VEGFA_site2,GACCCCCTCCACCCCGCCTCAGG,CACTCCCCCCACCCCGCCCCAGG,0
VEGFA_site2_chr10_133956644_126,VEGFA_site2,GACCCCCTCCACCCCGCCTCAGG,AGCCCCCCCCACCCCGACTCAGG,0
VEGFA_site2_chr12_26025095_123,VEGFA_site2,GACCCCCTCCACCCCGCCTCAGG,CATTCCCCCCACCCCACCTCAGG,0
VEGFA_site2_chr5_14457504_122,VEGFA_site2,GACCCCCTCCACCCCGCCTCCGG,CCCCCCCCCCGCCCCGCCCCCCG,0
VEGFA_site2_chr11_12308933_121,VEGFA_site2,GACCCCCTCCACCCCGCCTCTGG,ATCCCCCTCCACCCCACCCCTGG,0
VEGFA_site2_chr3_140398800_111,VEGFA_site2,GACCCCCTCCACCCCGCCTCAGG,CAACCCCCCCACCCCGCTTCAGG,0
VEGFA_site2_chr2_129244202_108,VEGFA_site2,GACCCCCTCCACCCCGCCTCCGG,CCCCCCCCCCACCCCGCCCCCGG,0
VEGFA_site2_chr2_170573355_98,VEGFA_site2,GACCCCCTCCACCCCGCCTCAGG,CCACCCCCCCACCCCGCCCCAGG,0
VEGFA_site2_chr2_11699964_95,VEGFA_site2,GACCCCCTCCACCCCGCCTCTGG,CTCCCTCCCCACCCCACCTCTGG,0
VEGFA_site2_chr4_1496257_92,VEGFA_site2,GACCCCCTCCACCCCGCCTCAGG,AGGCCCCCACACCCCGCCTCAGG,0
VEGFA_site2_chr2_24857593_87,VEGFA_site2,GACCCCCTCCACCCCGCCTCCGG,ACCCCCCCCCCCCCCGCCCCCGG,0
VEGFA_site2_chr4_7329546_87,VEGFA_site2,GACCCCCTCCACCCCGCCTCCGG,GCCCCCCCCAACCCCGCCCCCGG,0
VEGFA_site2_chr10_72538217_75,VEGFA_site2,GACCCCCTCCACCCCGCCTCTGG,CAGTCCCCCCACCCCACCTCTGG,0
VEGFA_site2_chr22_45134894_75,VEGFA_site2,GACCCCCTCCACCCCGCCTCAGG,CACCCACTACTCCCCGCCTCAGG,0
VEGFA_site2_chr19_45952054_74,VEGFA_site2,GACCCCCTCCACCCCGCCTCAGG,AAGACCCCCCACCCCGCCCCAGG,0
VEGFA_site2_chr5_170878070_71,VEGFA_site2,GACCCCCTCCACCCCGCCTCCGG,CCGCCCCCCCACCCCGCCGCCGG,0
VEGFA_site2_chr5_139028256_65,VEGFA_site2,GACCCCCTCCACCCCGCCTCGGG,CTCCCCCCCCTCCCCGCCTCGGG,0
VEGFA_site2_chr7_50765529_65,VEGFA_site2,GACCCCCTCCACCCCGCCTCAGG,AACCACCCCCACCCCACCCCAGG,0
VEGFA_site2_chr11_83433600_65,VEGFA_site2,GACCCCCTCCACCCCGCCTCTGG,GTCACTCCCCACCCCGCCTCTGG,0
VEGFA_site2_chrX_118865483_63,VEGFA_site2,GACCCCCTCCACCCCGCCTCTGG,GTCCTCCACCACCCCGCCTCTGG,0
VEGFA_site2_chr5_156321140_59,VEGFA_site2,GACCCCCTCCACCCCGCCTCAGG,GACCCCACCTACCCCACCTCAGG,0
VEGFA_site2_chr22_47511254_52,VEGFA_site2,GACCCCCTCCACCCCGCCTCCGG,GCCCCCCACCACCCCACCCCCGG,0
VEGFA_site2_chr2_105990827_45,VEGFA_site2,GACCCCCTCCACCCCGCCTCTGG,GGGCCCTCCCACCTCGCCCCTGG,0
VEGFA_site2_chr11_2686249_40,VEGFA_site2,GACCCCCTCCACCCCGCCTCTGG,CTCACCCCCCACCCCACCTCTGG,0
VEGFA_site2_chr16_85338205_37,VEGFA_site2,GACCCCCTCCACCCCGCCTCCGG,ATGCCCCACCCCCCCGCCCCCGG,0
VEGFA_site2_chrX_152837128_37,VEGFA_site2,GACCCCCTCCACCCCGCCTCCGG,GTCCCCCTCCTCCCCACCTCCGG,0
VEGFA_site2_chr22_40102400_36,VEGFA_site2,GACCCCCTCCACCCCGCCTCGGG,GTCCCTCCCCACCCCGCCTTGGG,0
VEGFA_site2_chr17_65632990_35,VEGFA_site2,GACCCCCTCCACCCCGCCTCAGG,AACACCCTCCACCCCACCACAGG,0
VEGFA_site2_chr4_143767373_34,VEGFA_site2,GACCCCCTCCACCCCGCCTCCGG,GCCGCCCCCCACTCCGCCTCCGG,0
VEGFA_site2_chr10_102821517_32,VEGFA_site2,GACCCCCTCCACCCCGCCTCCGG,CTACCCCCACTCCCCGCCTCCGG,0
VEGFA_site2_chr19_42806801_32,VEGFA_site2,GACCCCCTCCACCCCGCCTCGGG,TTCTCCCTCCTCCCCGCCTCGGG,0
VEGFA_site2_chr9_140263445_31,VEGFA_site2,GACCCCCTCCACCCCGCCTCGGG,AAGCCCCCCCACCCCGCCCCGGG,0
VEGFA_site2_chr17_55740529_31,VEGFA_site2,GACCCCCTCCACCCCGCCTCTGG,CCGCCCCTCCACCCCGCCACTGG,0
VEGFA_site2_chr16_57974238_30,VEGFA_site2,GACCCCCTCCACCCCGCCTCGGG,TATCCTCCCCACCCCGCCCCGGG,0
VEGFA_site2_chr5_132860375_29,VEGFA_site2,GACCCCCTCCACCCCGCCTCTGG,TGCACCCCCCACCCCGCCCCTGG,0
VEGFA_site2_chr11_45796055_29,VEGFA_site2,GACCCCCTCCACCCCGCCTCAGG,ATCCCTCTCCACCCCACCCCAGG,0
VEGFA_site2_chr17_62167053_29,VEGFA_site2,GACCCCCTCCACCCCGCCTCGGG,ACTCCCCTCCACCCCGGCTCGGG,0
VEGFA_site2_chr1_237195681_25,VEGFA_site2,GACCCCCTCCACCCCGCCTCAGG,AACCCCACCCACCCCATCTCAGG,0
VEGFA_site2_chr9_131706582_25,VEGFA_site2,GACCCCCTCCACCCCGCCTCTGG,AGCCAACCCCACCCCGCCTCTGG,0
VEGFA_site2_chr22_43684495_25,VEGFA_site2,GACCCCCTCCACCCCGCCTCGGG,AGCCCCCACCTCCCCGCCTCGGG,0
VEGFA_site2_chr15_78857725_24,VEGFA_site2,GACCCCCTCCACCCCGCCTCTGG,TCCCCACCCCGCCCCGCCTCTGG,0
VEGFA_site2_chr19_36759134_24,VEGFA_site2,GACCCCCTCCACCCCGCCTCGGG,TCCCACCCCCACCCCGCCACGGG,0
VEGFA_site2_chr2_221535832_23,VEGFA_site2,GACCCCCTCCACCCCGCCTCAGG,ACACCCCCCCACCCCACCCCAGG,0
VEGFA_site2_chr3_49850177_23,VEGFA_site2,GACCCCCTCCACCCCGCCTCAGG,GACCCCTACCACCCCATCTCAGG,0
VEGFA_site2_chr2_101437467_22,VEGFA_site2,GACCCCCTCCACCCCGCCTCCGG,CCGCCCCCCCACCCCAACTCCGG,0
VEGFA_site2_chr14_90403321_21,VEGFA_site2,GACCCCCTCCACCCCGCCTCCGG,GTCCCCTCCCACCCCGCCTCCAG,0
VEGFA_site2_chr17_46103848_21,VEGFA_site2,GACCCCCTCCACCCCGCCTCAGG,AACCTCCCCCACCCCACCCCAGG,0
VEGFA_site2_chr1_1294273_19,VEGFA_site2,GACCCCCTCCACCCCGCCTCTGG,TGGCCCCTCCGCCCCACCTCTGG,0
VEGFA_site2_chr11_61321439_19,VEGFA_site2,GACCCCCTCCACCCCGCCTCAGG,CACCCCCTCCCCTCCGCCTCAGG,0
VEGFA_site2_chr9_37465365_18,VEGFA_site2,GACCCCCTCCACCCCGCCTCTGG,CCCCCCTCCCACCCCGCCTCTAG,0
VEGFA_site2_chr18_55101360_18,VEGFA_site2,GACCCCCTCCACCCCGCCTCGGG,CTACCCCTCCACCCCGACTCGGA,0
VEGFA_site2_chr20_35991133_18,VEGFA_site2,GACCCCCTCCACCCCGCCTCAGG,AGACCCCCCCACCCCACCCCAGG,0
VEGFA_site2_chr2_150391412_17,VEGFA_site2,GACCCCCTCCACCCCGCCTCTGG,ACGCCCCCCCACCCCACGTCTGG,0
VEGFA_site2_chr7_44253556_17,VEGFA_site2,GACCCCCTCCACCCCGCCTCCGG,GGCCCACTCCACTCCGTCTCCGG,0
VEGFA_site2_chr8_39839086_17,VEGFA_site2,GACCCCCTCCACCCCGCCTCAGG,CACACCCACCACCCCGCCTCAGA,0
VEGFA_site2_chr11_32184484_16,VEGFA_site2,GACCCCCTCCACCCCGCCTCAGG,CACCCCCCGCACCCCGCCCCAGG,0
VEGFA_site2_chr17_58404869_16,VEGFA_site2,GACCCCCTCCACCCCGCCTCAGG,CGCCCACCCCACCCCACCTCAGG,0
VEGFA_site2_chr3_38141265_15,VEGFA_site2,GACCCCCTCCACCCCGCCTCCGG,CCCCACCCCCACCCCGCCCCCGG,0
VEGFA_site2_chr6_41543448_15,VEGFA_site2,GACCCCCTCCACCCCGCCTCAGG,GCCACCCCCCACCCCACCCCAGG,0
VEGFA_site2_chr6_43337337_15,VEGFA_site2,GACCCCCTCCACCCCGCCTCCGG,GACACACCCCCCCCCGCCTCCGG,0
VEGFA_site2_chr7_101150798_15,VEGFA_site2,GACCCCCTCCACCCCGCCTCAGG,AACCTCCACCTCCCCGCCTCAGG,0
VEGFA_site2_chr8_122367963_15,VEGFA_site2,GACCCCCTCCACCCCGCCTCTGG,CCACCATCCCACCCCGCCTCTGG,0
VEGFA_site2_chr11_133777457_14,VEGFA_site2,GACCCCCTCCACCCCGCCTCCGG,TCTCCCCTCCACCCCGCCCTCGG,0
VEGFA_site2_chr12_3200977_14,VEGFA_site2,GACCCCCTCCACCCCGCCTCTGG,CACCTCCACAACTCCGCCTCTGG,0
VEGFA_site2_chr16_67289447_14,VEGFA_site2,GACCCCCTCCACCCCGCCTCAGG,AGGCCCTCCCACCCCGCATCAGG,0
VEGFA_site2_chr1_23762251_13,VEGFA_site2,GACCCCCTCCACCCCGCCTCTGG,ACTCCCCTCCACCCCACCTCTGA,0
VEGFA_site2_chr1_52217921_13,VEGFA_site2,GACCCCCTCCACCCCGCCTCCGG,TCCCCCCTCCACCCCCGCCCCCG,0
VEGFA_site2_chr2_43608538_13,VEGFA_site2,GACCCCCTCCACCCCGCCTCAGG,TACTCCCCCCACCCAGCCTCAGG,0
VEGFA_site2_chr17_79881149_13,VEGFA_site2,GACCCCCTCCACCCCGCCTCCGG,CACCCCCCCCCCCCCGCCCCCGG,0
VEGFA_site2_chr6_36853825_12,VEGFA_site2,GACCCCCTCCACCCCGCCTCGGG,GCCTCCCCCCACCCAGCCTCGGG,0
VEGFA_site2_chr9_2666738_12,VEGFA_site2,GACCCCCTCCACCCCGCCTCCGG,AGCCGCCCCCACCCCGCCCCCGG,0
VEGFA_site2_chr9_100732585_12,VEGFA_site2,GACCCCCTCCACCCCGCCTCCGG,TCCCCCCACCACCCCACCCCCGG,0
VEGFA_site2_chr19_51915519_12,VEGFA_site2,GACCCCCTCCACCCCGCCTCGGG,AACACCCCCCACCCCACCCCGGG,0
VEGFA_site2_chr7_130791581_10,VEGFA_site2,GACCCCCTCCACCCCGCCTCCGG,GGCCCCACCCACCCCGCCTTCTG,0
VEGFA_site2_chr9_130663087_10,VEGFA_site2,GACCCCCTCCACCCCGCCTCCGG,CCCCCACCCCACCCCGCCTCCAG,0
VEGFA_site2_chr12_133287148_10,VEGFA_site2,GACCCCCTCCACCCCGCCTCCGG,CCGCCCCTGCACCCAGCCTCCGG,0
VEGFA_site2_chr7_1478608_9,VEGFA_site2,GACCCCCTCCACCCCGCCTCAGG,CCCCCTCCCCACCCCGCCGCAGG,0
VEGFA_site2_chr8_37251195_9,VEGFA_site2,GACCCCCTCCACCCCGCCTCTGG,CACCCCGCCCACCCCGCCCCTGG,0
VEGFA_site2_chr19_1028249_9,VEGFA_site2,GACCCCCTCCACCCCGCCTCCGG,ACCCCACCCCACCCCGTCTCCGG,0
VEGFA_site2_chr19_18633483_9,VEGFA_site2,GACCCCCTCCACCCCGCCTCAGG,AGTCCCATCCACCCCGCCTAAGG,0
VEGFA_site2_chr20_62575817_9,VEGFA_site2,GACCCCCTCCACCCCGCCTCAGG,CCGCCCCCCCATCCCGCCCCAGG,0
VEGFA_site2_chr21_46703222_9,VEGFA_site2,GACCCCCTCCACCCCGCCTCAGG,CGTCCCCCCCCCCCCGCCTCAGG,0
VEGFA_site2_chr3_13187302_8,VEGFA_site2,GACCCCCTCCACCCCGCCTCGGG,GACCCCCCCCCCCCGCCCCCGGG,0
VEGFA_site2_chr6_31462826_8,VEGFA_site2,GACCCCCTCCACCCCGCCTCCGG,CTCCCCCTCCACCCCACCTCCAG,0
VEGFA_site2_chr2_223731497_7,VEGFA_site2,GACCCCCTCCACCCCGCCTCGGG,CCCCCCCCCCCCCCCGCCCCGGG,0
VEGFA_site2_chr11_65479769_7,VEGFA_site2,GACCCCCTCCACCCCGCCTCGGG,GGCTCCCTCCGCCCCGCCCCGGG,0
VEGFA_site2_chr12_86681297_7,VEGFA_site2,GACCCCCTCCACCCCGCCTCAGG,TAGCCCCTCCACCCCACCACAGG,0
VEGFA_site2_chr12_132529366_7,VEGFA_site2,GACCCCCTCCACCCCGCCTCAGG,GACCCCACCCACCCCGCCGCAGG,0
VEGFA_site2_chr16_69166711_7,VEGFA_site2,GACCCCCTCCACCCCGCCTCGGG,AGTAGCCCCCACCCCGCCTCGGG,0
VEGFA_site2_chr12_57604331_6,VEGFA_site2,GACCCCCTCCACCCCGCCTCAGG,GCCACCCACCACCCCACCTCAGG,0
VEGFA_site2_chr17_72656677_6,VEGFA_site2,GACCCCCTCCACCCCGCCTCTGG,TTCCCCTTCCACCCAGCCTCTGG,0
VEGFA_site2_chr8_137500402_5,VEGFA_site2,GACCCCCTCCACCCCGCCTCAGG,AACCCTCTCCACCCAGTCTCAGG,0
VEGFA_site2_chr1_178738727_4,VEGFA_site2,GACCCCCTCCACCCCGCCTCAGG,GGCCCTCTCCACTCCACCTCAGG,0
VEGFA_site2_chr3_55857495_4,VEGFA_site2,GACCCCCTCCACCCCGCCTCAGG,GTCCCCCTCCTCCCCGTCTCAGG,0
VEGFA_site2_chr6_26470622_4,VEGFA_site2,GACCCCCTCCACCCCGCCTCAGG,GACCCCCCCCACCCCACCCCAGG,0
VEGFA_site2_chr6_110521033_4,VEGFA_site2,GACCCCCTCCACCCCGCCTCTGG,TGCCCCCTCCACCCCACCTCTGA,0
VEGFA_site2_chr9_37990376_4,VEGFA_site2,GACCCCCTCCACCCCGCCTCTGG,GGCTCACCCCACCCCACCTCTGG,0
VEGFA_site2_chr17_7147480_4,VEGFA_site2,GACCCCCTCCACCCCGCCTCAGG,TTTCCCCCCCACCCCAACTCAGG,0
VEGFA_site2_chr19_18131314_4,VEGFA_site2,GACCCCCTCCACCCCGCCTCTGG,CCCCACCCCCACCCCACCTCTGG,0
VEGFA_site2_chr19_45324581_4,VEGFA_site2,GACCCCCTCCACCCCGCCTCTGG,CCCCCCCCTCACCCCGCCCCTGG,0
VEGFA_site2_chr2_85515492_3,VEGFA_site2,GACCCCCTCCACCCCGCCTCTGG,TCCTCCTTCCACTCCGCCTCTGG,0
VEGFA_site2_chr5_122565828_3,VEGFA_site2,GACCCCCTCCACCCCGCCTCAGG,CTCCCCCTACACCCCGCAACAGG,0
VEGFA_site2_chr9_33202624_3,VEGFA_site2,GACCCCCTCCACCCCGCCTCTGG,GTCCCCTCCCTCCCCGCCTCTGG,0
VEGFA_site2_chr9_100931292_3,VEGFA_site2,GACCCCCTCCACCCCGCCTCAGG,CCACCCCTCCACCCCGTCCCAGG,0
VEGFA_site2_chr12_123893673_3,VEGFA_site2,GACCCCCTCCACCCCGCCTCGGG,TTCCCCCCCAACCCCACCTCGGG,0
VEGFA_site2_chr19_1494330_3,VEGFA_site2,GACCCCCTCCACCCCGCCTCAGG,CCTGCCCCCCACCCCGCCCCAGG,0
VEGFA_site2_chr22_23260204_3,VEGFA_site2,GACCCCCTCCACCCCGCCTCTGG,GACCCCCTTCACCCCACCTATGG,0
VEGFA_site2_chr3_65075658_2,VEGFA_site2,GACCCCCTCCACCCCGCCTCAGG,CCCCCCCTCCACCCCACTTCAGG,0
VEGFA_site2_chr13_114795514_2,VEGFA_site2,GACCCCCTCCACCCCGCCTCCGG,CAGCCCCTCCACTCCACCCCCGG,0
VEGFA_site2_chr14_104601208_2,VEGFA_site2,GACCCCCTCCACCCCGCCTCAGG,AGCCCCCCCCTCCCCGCCCCAGG,0
VEGFA_site3_chr14_65569159_3125,VEGFA_site3,GGTGAGTGAGTGTGTGCGTGGGG,AGTGAGTGAGTGTGTGTGTGGGG,0
VEGFA_site3_chr5_89440969_2559,VEGFA_site3,GGTGAGTGAGTGTGTGCGTGAGG,AGAGAGTGAGTGTGTGCATGAGG,0
VEGFA_site3_chr6_43737470_2440,VEGFA_site3,GGTGAGTGAGTGTGTGCGTGTGG,GGTGAGTGAGTGTGTGCGTGTGG,0
VEGFA_site3_chr5_115434675_2200,VEGFA_site3,GGTGAGTGAGTGTGTGCGTGAGG,TGTGGGTGAGTGTGTGCGTGAGG,0
VEGFA_site3_chr22_37662824_1997,VEGFA_site3,GGTGAGTGAGTGTGTGCGTGTGG,GCTGAGTGAGTGTATGCGTGTGG,0
VEGFA_site3_chr11_68851138_1535,VEGFA_site3,GGTGAGTGAGTGTGTGCGTGTGG,GGTGAGTGAGTGTGTGCGGGTGG,0
VEGFA_site3_chr10_98760588_1437,VEGFA_site3,GGTGAGTGAGTGTGTGCGTGAGG,GTTGAGTGAATGTGTGCGTGAGG,0
VEGFA_site3_chr3_193993884_1315,VEGFA_site3,GGTGAGTGAGTGTGTGCGTGTGG,AGTGAATGAGTGTGTGTGTGTGG,0
VEGFA_site3_chr14_62078773_1170,VEGFA_site3,GGTGAGTGAGTGTGTGCGTGTGG,TGTGAGTAAGTGTGTGTGTGTGG,0
VEGFA_site3_chr19_40561867_796,VEGFA_site3,GGTGAGTGAGTGTGTGCGTGAGG,ACTGTGTGAGTGTGTGCGTGAGG,0
VEGFA_site3_chr14_74353496_790,VEGFA_site3,GGTGAGTGAGTGTGTGCGTGGGG,AGCGAGTGGGTGTGTGCGTGGGG,0
VEGFA_site3_chr20_20178284_686,VEGFA_site3,GGTGAGTGAGTGTGTGCGTGTGG,AGTGTGTGAGTGTGTGCGTGTGG,0
VEGFA_site3_chr9_23824554_643,VEGFA_site3,GGTGAGTGAGTGTGTGCGTGAGG,TGTGGGTGAGTGTGTGCGTGAGA,0
VEGFA_site3_chr3_71632809_215,VEGFA_site3,GGTGAGTGAGTGTGTGCGTGGGG,CGCGAGTGAGTGTGTGCGCGGGG,0
VEGFA_site3_chr14_106029031_199,VEGFA_site3,GGTGAGTGAGTGTGTGCGTGAGG,GGTGAGTGAGTGTGTGTGTGAGG,0
VEGFA_site3_chr19_47732492_193,VEGFA_site3,GGTGAGTGAGTGTGTGCGTGTGG,CTGGAGTGAGTGTGTGTGTGTGG,0
VEGFA_site3_chr9_18733635_149,VEGFA_site3,GGTGAGTGAGTGTGTGCGTGGGG,AGCGAGTGAGTGTGTGTGTGGGG,0
VEGFA_site3_chr2_73317048_122,VEGFA_site3,GGTGAGTGAGTGTGTGCGTGAGG,GGTGAGTCAGTGTGTGAGTGAGG,0
VEGFA_site3_chr22_49740002_115,VEGFA_site3,GGTGAGTGAGTGTGTGCGTGTGG,GGTGTGTGAGTGTGTGTGTGTGG,0
VEGFA_site3_chr8_22932503_111,VEGFA_site3,GGTGAGTGAGTGTGTGCGTGTGG,TGTGAGTGAGTGTGTGTGTGTGA,0
VEGFA_site3_chr5_29367379_103,VEGFA_site3,GGTGAGTGAGTGTGTGCGTGGGG,TGTGAGTGAGTGTGTGTATGGGG,0
VEGFA_site3_chr4_58326607_97,VEGFA_site3,GGTGAGTGAGTGTGTGCGTGAGG,AGTGAGTGAGTGAGTGAGTGAGG,0
VEGFA_site3_chr13_114882999_83,VEGFA_site3,GGTGAGTGAGTGTGTGCGTGAGG,TGTGGGTGAGCATGTGCGTGAGG,0
VEGFA_site3_chr8_48997805_82,VEGFA_site3,GGTGAGTGAGTGTGTGCGTGTGG,GTAGAGTGAGTGTGTGTGTGTGG,0
VEGFA_site3_chr12_6937055_61,VEGFA_site3,GGTGAGTGAGTGTGTGCGTGGGG,GGTGGATGAGTGTGTGTGTGGGG,0
VEGFA_site3_chr16_80016330_50,VEGFA_site3,GGTGAGTGAGTGTGTGCGTGTGG,TGTGAGTGAGTGTGTGCGTGTGA,0
VEGFA_site3_chr19_1716792_45,VEGFA_site3,GGTGAGTGAGTGTGTGCGTGGGG,CATGAGTGAGTGTGTGGGTGGGG,0
VEGFA_site3_chr10_5749657_41,VEGFA_site3,GGTGAGTGAGTGTGTGCGTGGGG,AGTGAGTATGTGTGTGTGTGGGG,0
VEGFA_site3_chr6_157078327_37,VEGFA_site3,GGTGAGTGAGTGTGTGCGTGGGG,GATGAGTGAGTGAGTGAGTGGGG,0
VEGFA_site3_chr14_58118445_37,VEGFA_site3,GGTGAGTGAGTGTGTGCGTGTGG,TGTGAGTGAGTGTGTGTGTGTGA,0
VEGFA_site3_chr5_130857602_35,VEGFA_site3,GGTGAGTGAGTGTGTGCGTGAGG,GGAGAGTGAGTGTGTGTGTGAGA,0
VEGFA_site3_chr2_177463426_33,VEGFA_site3,GGTGAGTGAGTGTGTGCGTGTGG,GGTGAGTGTGTGTGTGCATGTGG,0
VEGFA_site3_chr18_74103174_33,VEGFA_site3,GGTGAGTGAGTGTGTGCGTGAGG,GGTGAGTAAGTGTGAGCGTAAGG,0
VEGFA_site3_chr11_79178522_32,VEGFA_site3,GGTGAGTGAGTGTGTGCGTGGGG,AGTGAGTGAGTGAGTGAGTGGGG,0
VEGFA_site3_chr4_62067619_29,VEGFA_site3,GGTGAGTGAGTGTGTGCGTGAGG,GATGAGTGTGTGTGTGTGTGAGG,0
VEGFA_site3_chr16_84032646_26,VEGFA_site3,GGTGAGTGAGTGTGTGCGTGGGG,GGTGAATGAGTGTGTGCTCTGGG,0
VEGFA_site3_chr10_130228353_24,VEGFA_site3,GGTGAGTGAGTGTGTGCGTGTGG,AGGGAGTGACTGTGTGCGTGTGG,0
VEGFA_site3_chr3_5104940_22,VEGFA_site3,GGTGAGTGAGTGTGTGCGTGAGG,AGTGAGTGAGTGTGTGTGTGAGA,0
VEGFA_site3_chr2_230506241_20,VEGFA_site3,GGTGAGTGAGTGTGTGCGTGTGG,GGTGAGCAAGTGTGTGTGTGTGG,0
VEGFA_site3_chr20_50724404_19,VEGFA_site3,GGTGAGTGAGTGTGTGCGTGGGG,CGTGAGTGAGTGTGTACCTGGGG,0
VEGFA_site3_chr11_75147779_18,VEGFA_site3,GGTGAGTGAGTGTGTGCGTGGGG,GGTGGATGACTGTGTGTGTGGGG,0
VEGFA_site3_chr1_48305038_17,VEGFA_site3,GGTGAGTGAGTGTGTGCGTGTGG,TGTGGGTGAGTGTGTGTGTGTGG,0
VEGFA_site3_chr7_51294278_17,VEGFA_site3,GGTGAGTGAGTGTGTGCGTGAGG,AGTGAGTAAGTGAGTGAGTGAGG,0
VEGFA_site3_chr8_143890826_17,VEGFA_site3,GGTGAGTGAGTGTGTGCGTGAGG,GGTGTATGAGTGTGTGTGTGAGG,0
VEGFA_site3_chr17_33323268_17,VEGFA_site3,GGTGAGTGAGTGTGTGCGTGTGG,TGTGAGTGAGTATGTACATGTGG,0
VEGFA_site3_chr19_17594233_16,VEGFA_site3,GGTGAGTGAGTGTGTGCGTGGGG,TGTGAGTGGGTGTGTGTGTGGGG,0
VEGFA_site3_chr16_73585927_13,VEGFA_site3,GGTGAGTGAGTGTGTGCGTGTGG,AATGAGTGAGTGTGTGTGTGTGA,0
VEGFA_site3_chr16_74898120_11,VEGFA_site3,GGTGAGTGAGTGTGTGCGTGGGG,GGTGAGAGAGTGTGTGCGTAGGA,0
VEGFA_site3_chr17_78954440_11,VEGFA_site3,GGTGAGTGAGTGTGTGCGTGTGG,TGTGAGTGAGTGTGTGTGTGTGA,0
VEGFA_site3_chr2_18696224_9,VEGFA_site3,GGTGAGTGAGTGTGTGCGTGCGG,AGTGAGAAAGTGTGTGCATGCGG,0
VEGFA_site3_chr8_67579427_6,VEGFA_site3,GGTGAGTGAGTGTGTGCGTGGGG,AGTGAGTGAGTGTGAGTGCGGGG,0
VEGFA_site3_chr16_12264612_6,VEGFA_site3,GGTGAGTGAGTGTGTGCGTGTGG,AGTGAGTGAGTGTGTGTGTGTGA,0
VEGFA_site3_chr19_6109032_6,VEGFA_site3,GGTGAGTGAGTGTGTGCGTGTGG,TGTGAGTGAGTGTGTGTGTGTGA,0
VEGFA_site3_chr1_181557203_5,VEGFA_site3,GGTGAGTGAGTGTGTGCGTGTGG,GGAGAGTGAGTGTGTGCATGTGC,0
VEGFA_site3_chr18_14871054_5,VEGFA_site3,GGTGAGTGAGTGTGTGCGTGTGG,GGTGTGTGGGTGGGGGTGTGTGG,0
VEGFA_site3_chr6_144458290_4,VEGFA_site3,GGTGAGTGAGTGTGTGCGTGCGG,AGGGAGTGAGTGTGAGAGTGCGG,0
VEGFA_site3_chr9_139223458_4,VEGFA_site3,GGTGAGTGAGTGTGTGCGTGGGG,TGTGAGAGAGTGTGTGTGTGGAG,0
VEGFA_site3_chr22_43939296_4,VEGFA_site3,GGTGAGTGAGTGTGTGCGTGGGG,GGTGAGAGAGTGTGTGCACGGGG,0
VEGFA_site3_chr1_32738763_3,VEGFA_site3,GGTGAGTGAGTGTGTGCGTGGGG,GGGGGGTGAGTGTGTGTGTGGGG,0
VEGFA_site3_chr1_47690893_3,VEGFA_site3,GGTGAGTGAGTGTGTGCGTGTGG,TGTGAGAGAGAGTGTGCGTGTGG,0
EMX1_chr2_73160998_4521,EMX1,GAGTCCGAGCAGAAGAAGAAGGG,GAGTCCGAGCAGAAGAAGAAGGG,0
EMX1_chr5_45359067_3123,EMX1,GAGTCCGAGCAGAAGAAGAAAGG,GAGTTAGAGCAGAAGAAGAAAGG,0
EMX1_chr15_44109763_1445,EMX1,GAGTCCGAGCAGAAGAAGAAGGG,GAGTCTAAGCAGAAGAAGAAGAG,0
EMX1_chr2_219845072_700,EMX1,GAGTCCGAGCAGAAGAAGAACGG,GAGGCCGAGCAGAAGAAAGACGG,0
EMX1_chr8_128801258_390,EMX1,GAGTCCGAGCAGAAGAAGAAGGG,GAGTCCTAGCAGGAGAAGAAGAG,0
EMX1_chr5_9227162_258,EMX1,GAGTCCGAGCAGAAGAAGAATGG,AAGTCTGAGCACAAGAAGAATGG,0
EMX1_chrX_53467711_216,EMX1,GAGTCCGAGCAGAAGAAGAAAGG,GAGTCCGGGAAGGAGAAGAAAGG,0
EMX1_chr5_146833190_143,EMX1,GAGTCCGAGCAGAAGAAGAAGGG,GAGCCGGAGCAGAAGAAGGAGGG,0
EMX1_chr1_23720617_102,EMX1,GAGTCCGAGCAGAAGAAGAAAGG,AAGTCCGAGGAGAGGAAGAAAGG,0
EMX1_chr3_5031614_67,EMX1,GAGTCCGAGCAGAAGAAGAAGGG,GAATCCAAGCAGGAGAAGAAGGA,0
EMX1_chr6_9118799_38,EMX1,GAGTCCGAGCAGAAGAAGAATGG,ACGTCTGAGCAGAAGAAGAATGG,0
EMX1_chr13_27769657_7,EMX1,GAGTCCGAGCAGAAGAAGAAGGG,GAGTAGGAGCAGGAGAAGAAGGA,0
EMX1_chr15_100292479_6,EMX1,GAGTCCGAGCAGAAGAAGAAGGG,AAGTCCCGGCAGAGGAAGAAGGG,0
EMX1_chr3_95690186_5,EMX1,GAGTCCGAGCAGAAGAAGAAGGG,TCATCCAAGCAGAAGAAGAAGAG,0
EMX1_chr2_218378108_2,EMX1,GAGTCCGAGCAGAAGAAGAAAGG,GAGTCTAAGCAGGAGAATAAAGG,0
EMX1_chr10_58848728_2,EMX1,GAGTCCGAGCAGAAGAAGAAGGG,GAGCACGAGCAAGAGAAGAAGGG,0
FANCF_chr11_22647338_4816,FANCF,GGAATCCCTTCTGCAGCACCTGG,GGAATCCCTTCTGCAGCACCTGG,0
FANCF_chr18_8707527_2099,FANCF,GGAATCCCTTCTGCAGCACCAGG,GGAACCCCGTCTGCAGCACCAGG,0
FANCF_chr10_43410031_524,FANCF,GGAATCCCTTCTGCAGCACCAGG,GGAGTCCCTCCTACAGCACCAGG,0
FANCF_chr17_78923978_150,FANCF,GGAATCCCTTCTGCAGCACCAGG,AGAGGCCCCTCTGCAGCACCAGG,0
FANCF_chrX_86355179_125,FANCF,GGAATCCCTTCTGCAGCACCAGG,ACCATCCCTCCTGCAGCACCAGG,0
FANCF_chr6_143382085_101,FANCF,GGAATCCCTTCTGCAGCACCTGG,GGATTGCCATCCGCAGCACCTGG,0
FANCF_chr10_73463136_78,FANCF,GGAATCCCTTCTGCAGCACCAGG,TGAATCCCATCTCCAGCACCAGG,0
FANCF_chr10_37953199_77,FANCF,GGAATCCCTTCTGCAGCACCAGG,GGAGTCCCTCCTACAGCACCAGG,0
FANCF_chr16_49671025_4,FANCF,GGAATCCCTTCTGCAGCACCTGG,GGAGTCCCTCCTGCAGCACCTGA,0
RNF2_chr1_185056773_6643,RNF2,GTCATCTTAGTCATTACCTGAGG,GTCATCTTAGTCATTACCTGAGG,0
HEK293_sgRNA1_chr9_110103704_1975,HEK293_sgRNA1,GGGAAAGACCCAGCATCCGTGGG,GGGAAAGACCCAGCATCCGTGGG,0
HEK293_sgRNA1_chr1_201992440_781,HEK293_sgRNA1,GGGAAAGACCCAGCATCCGTTGG,GGGAAAGTCCCAGCATCCTTTGG,0
HEK293_sgRNA1_chr10_123094946_265,HEK293_sgRNA1,GGGAAAGACCCAGCATCCGTTGG,GGGAAAAGCCCAGCATCCCTTGG,0
HEK293_sgRNA1_chr8_21121524_116,HEK293_sgRNA1,GGGAAAGACCCAGCATCCGTGGG,GGGAAGGACCCAGCATCCTGGGG,0
HEK293_sgRNA1_chr9_129621087_37,HEK293_sgRNA1,GGGAAAGACCCAGCATCCGTTGG,GGGAAATACCCAGCATCCAATGG,0
HEK293_sgRNA1_chr19_10362662_13,HEK293_sgRNA1,GGGAAAGACCCAGCATCCGTAGG,CAAGAAGACCCAGCTTCCGTAGG,0
HEK293_sgRNA1_chr8_48879626_7,HEK293_sgRNA1,GGGAAAGACCCAGCATCCGTAGG,GAGAAAAGCCCAGCATCCTTAGG,0
HEK293_sgRNA1_chr22_47970524_6,HEK293_sgRNA1,GGGAAAGACCCAGCATCCGTGGG,GGAAAAGACCAAGCATCAGTGGG,0
HEK293_sgRNA1_chr13_31633478_4,HEK293_sgRNA1,GGGAAAGACCCAGCATCCGTTGG,ATGAAAGACCCAGCATCCATTGA,0
HEK293_sgRNA1_chr22_43689599_3,HEK293_sgRNA1,GGGAAAGACCCAGCATCCGTGGG,GGGAAGGACCCAGCATTCCTGGG,0
HEK293_sgRNA2_chr5_87240613_1670,HEK293_sgRNA2,GAACACAAAGCATAGACTGCGGG,GAACACAAAGCATAGACTGCGGG,0
HEK293_sgRNA2_chr4_90522183_99,HEK293_sgRNA2,GAACACAAAGCATAGACTGCCGG,GAACACAATGCATAGATTGCCGG,0
HEK293_sgRNA2_chr10_87125365_4,HEK293_sgRNA2,GAACACAAAGCATAGACTGCAGG,AAACATAAAGCATAGACTGCAAA,0
HEK293_sgRNA3_chr9_110184636_2074,HEK293_sgRNA3,GGCCCAGACTGAGCACGTGATGG,GGCCCAGACTGAGCACGTGATGG,0
HEK293_sgRNA3_chr15_79749930_327,HEK293_sgRNA3,GGCCCAGACTGAGCACGTGATGG,CACCCAGACTGAGCACGTGCTGG,0
HEK293_sgRNA3_chr7_66968041_306,HEK293_sgRNA3,GGCCCAGACTGAGCACGTGAGGG,GACACAGACTGGGCACGTGAGGG,0
HEK293_sgRNA3_chr1_47005705_136,HEK293_sgRNA3,GGCCCAGACTGAGCACGTGAGGG,AGCTCAGACTGAGCAAGTGAGGG,0
HEK293_sgRNA3_chrX_114764149_10,HEK293_sgRNA3,GGCCCAGACTGAGCACGTGAGGG,AGACCAGACTGAGCAAGAGAGGG,0
HEK293_sgRNA3_chr10_131593121_2,HEK293_sgRNA3,GGCCCAGACTGAGCACGTGAGGG,GAGCCAGAATGAGCACGTGAGGG,0
HEK293_sgRNA4_chr20_60010563_2475,HEK293_sgRNA4,GGCACTGCGGCTGGAGGTGGTGG,TGCACTGCGGCCGGAGGAGGTGG,0
HEK293_sgRNA4_chr19_33382080_2020,HEK293_sgRNA4,GGCACTGCGGCTGGAGGTGGTGG,GGCTCTGCGGCTGGAGGGGGTGG,0
HEK293_sgRNA4_chr10_126694874_1375,HEK293_sgRNA4,GGCACTGCGGCTGGAGGTGGGGG,GGCACGACGGCTGGAGGTGGGGG,0
HEK293_sgRNA4_chr10_77103119_1097,HEK293_sgRNA4,GGCACTGCGGCTGGAGGTGGAGG,GGCATCACGGCTGGAGGTGGAGG,0
HEK293_sgRNA4_chr20_31349772_1054,HEK293_sgRNA4,GGCACTGCGGCTGGAGGTGGGGG,GGCACTGCGGCTGGAGGTGGGGG,0
HEK293_sgRNA4_chr15_41044241_1002,HEK293_sgRNA4,GGCACTGCGGCTGGAGGTGGAGG,GGCGCTGCGGCGGGAGGTGGAGG,0
HEK293_sgRNA4_chr19_38616186_982,HEK293_sgRNA4,GGCACTGCGGCTGGAGGTGGGGG,GGCACTGAGACTGGGGGTGGGGG,0
HEK293_sgRNA4_chr13_39262929_981,HEK293_sgRNA4,GGCACTGCGGCTGGAGGTGGTGG,AGCAGTGCGGCTAGAGGTGGTGG,0
HEK293_sgRNA4_chr6_160517881_789,HEK293_sgRNA4,GGCACTGCGGCTGGAGGTGGTGG,GGCACTGCTGCTGGGGGTGGTGG,0
HEK293_sgRNA4_chr10_13692637_712,HEK293_sgRNA4,GGCACTGCGGCTGGAGGTGGGGG,GGCACTGGGGCTGGGGGAGGGGG,0
HEK293_sgRNA4_chr13_27629410_664,HEK293_sgRNA4,GGCACTGCGGCTGGAGGTGGGGG,GGCACTGGGGTTGGAGGTGGGGG,0
HEK293_sgRNA4_chr7_54561437_656,HEK293_sgRNA4,GGCACTGCGGCTGGAGGTGGTGG,AGGACTGCGGCTGGGGGTGGTGG,0
HEK293_sgRNA4_chr20_45343010_650,HEK293_sgRNA4,GGCACTGCGGCTGGAGGTGGGGG,GGCACTGAGGGTGGAGGTGGGGG,0
HEK293_sgRNA4_chr17_75429279_644,HEK293_sgRNA4,GGCACTGCGGCTGGAGGTGGTGG,GACACCACGGCTGGAGATGGTGG,0
HEK293_sgRNA4_chr20_1151854_539,HEK293_sgRNA4,GGCACTGCGGCTGGAGGTGGAGG,GGCACTGTGGCTGCAGGTGGAGG,0
HEK293_sgRNA4_chr16_50300347_536,HEK293_sgRNA4,GGCACTGCGGCTGGAGGTGGGGG,AGCACTGTGGCTGGGGGAGGGGG,0
HEK293_sgRNA4_chr19_41220525_445,HEK293_sgRNA4,GGCACTGCGGCTGGAGGTGGGGG,GGCAATGTGGCTGAAGGTGGGGG,0
HEK293_sgRNA4_chr20_60895671_369,HEK293_sgRNA4,GGCACTGCGGCTGGAGGTGGTGG,GGCACAGCAGCTGGAGGTGCTGG,0
HEK293_sgRNA4_chr1_171018460_361,HEK293_sgRNA4,GGCACTGCGGCTGGAGGTGGGGG,GCCACTGGGGCTGGGGGTGGGGG,0
HEK293_sgRNA4_chr17_176301_352,HEK293_sgRNA4,GGCACTGCGGCTGGAGGTGGGGG,TGCACTGTGGCTGGAGATGGGGG,0
HEK293_sgRNA4_chr3_51725451_316,HEK293_sgRNA4,GGCACTGCGGCTGGAGGTGGTGG,GGCTCTGTGGCTGGAGGAGGTGG,0
HEK293_sgRNA4_chr7_110143150_297,HEK293_sgRNA4,GGCACTGCGGCTGGAGGTGGAGG,GCCACTGCAGCTAGAGGTGGAGG,0
HEK293_sgRNA4_chr18_37194557_249,HEK293_sgRNA4,GGCACTGCGGCTGGAGGTGGGGG,GGCACTGCGGGTGGAGGCGGGGG,0
HEK293_sgRNA4_chr20_37471343_241,HEK293_sgRNA4,GGCACTGCGGCTGGAGGTGGGGG,AGCACTGTGCCTGGGGGTGGGGG,0
HEK293_sgRNA4_chr4_56815199_240,HEK293_sgRNA4,GGCACTGCGGCTGGAGGTGGAGG,GGCAATGCGGCTGGAGGCGGAGG,0
HEK293_sgRNA4_chr19_46887173_227,HEK293_sgRNA4,GGCACTGCGGCTGGAGGTGGAGG,GAGGCTGCGGCTGGGGGTGGAGG,0
HEK293_sgRNA4_chr3_10418955_201,HEK293_sgRNA4,GGCACTGCGGCTGGAGGTGGGGG,GGCTCCGCAGCTGGAGGTGGGGG,0
HEK293_sgRNA4_chr7_134872031_198,HEK293_sgRNA4,GGCACTGCGGCTGGAGGTGGCGG,AGCACTGTGGCTGGGGGAGGCGG,0
HEK293_sgRNA4_chr9_133039176_194,HEK293_sgRNA4,GGCACTGCGGCTGGAGGTGGGGG,GTCACTGCAGCTGGAGGAGGGGG,0
HEK293_sgRNA4_chr3_53375995_192,HEK293_sgRNA4,GGCACTGCGGCTGGAGGTGGTGG,GGCTCTGAGGCCAGAGGTGGTGG,0
HEK293_sgRNA4_chr16_88716134_192,HEK293_sgRNA4,GGCACTGCGGCTGGAGGTGGGGG,AGCACGGCAGCTGGAGGAGGGGG,0
HEK293_sgRNA4_chr7_1397398_179,HEK293_sgRNA4,GGCACTGCGGCTGGAGGTGGAGG,AGCACTGCAGCTGGGAGTGGAGG,0
HEK293_sgRNA4_chr3_49055364_165,HEK293_sgRNA4,GGCACTGCGGCTGGAGGTGGGGG,GGGACTGCGGCTGGAGGTGGGAA,0
HEK293_sgRNA4_chr1_201067377_163,HEK293_sgRNA4,GGCACTGCGGCTGGAGGTGGAGG,GGCACTGCTGCTAGAGGTGCAGG,0
HEK293_sgRNA4_chr22_30130865_138,HEK293_sgRNA4,GGCACTGCGGCTGGAGGTGGAGG,GGCTGTGCGGCCAGAGGTGGAGG,0
HEK293_sgRNA4_chr19_1295086_127,HEK293_sgRNA4,GGCACTGCGGCTGGAGGTGGGGG,GACACTGAGGCAGGAGGTGGGGG,0
HEK293_sgRNA4_chr8_119227145_123,HEK293_sgRNA4,GGCACTGCGGCTGGAGGTGGAGG,GGCACAATGGCTGGAGGTGAAGG,0
HEK293_sgRNA4_chr14_88773031_119,HEK293_sgRNA4,GGCACTGCGGCTGGAGGTGGGGG,AGCACTGGGGCTGGGGGAGGGGG,0
HEK293_sgRNA4_chr2_45247404_116,HEK293_sgRNA4,GGCACTGCGGCTGGAGGTGGAGG,GACACCGTGACTGGAGGTGGAGG,0
HEK293_sgRNA4_chr14_24740271_116,HEK293_sgRNA4,GGCACTGCGGCTGGAGGTGGGGG,GGCACTGCCACTGGGGGTGAGGG,0
HEK293_sgRNA4_chr13_88900992_108,HEK293_sgRNA4,GGCACTGCGGCTGGAGGTGGTGG,CACACTGCAGCTGGAGGTGGTGG,0
HEK293_sgRNA4_chr20_60080554_102,HEK293_sgRNA4,GGCACTGCGGCTGGAGGTGGCGG,AGCACTGCAGATGGAGGAGGCGG,0
HEK293_sgRNA4_chr5_1832937_99,HEK293_sgRNA4,GGCACTGCGGCTGGAGGTGGCGG,GGCTCTGTGGCCGGAGGAGGCGG,0
HEK293_sgRNA4_chr2_152827915_91,HEK293_sgRNA4,GGCACTGCGGCTGGAGGTGGGGG,GGCACTTCGGTTGGGGGTGGGGG,0
HEK293_sgRNA4_chr7_139244407_90,HEK293_sgRNA4,GGCACTGCGGCTGGAGGTGGGGG,GCCACTGCGACTGGAGGAGGGGG,0
HEK293_sgRNA4_chr17_29815563_89,HEK293_sgRNA4,GGCACTGCGGCTGGAGGTGGGGG,GGCGCTGCGGCCGGAGGTGGGGC,0
HEK293_sgRNA4_chr6_36761680_83,HEK293_sgRNA4,GGCACTGCGGCTGGAGGTGGGGG,CCCACTGGGGCTGGAGGTGGGGG,0
HEK293_sgRNA4_chr10_126752486_78,HEK293_sgRNA4,GGCACTGCGGCTGGAGGTGGGGG,GGCACTGCAGCCTGGGGGTGGGG,0
HEK293_sgRNA4_chr17_72251122_78,HEK293_sgRNA4,GGCACTGCGGCTGGAGGTGGTGG,GGTACTCTGGCTGGAGGTGGTGG,0
HEK293_sgRNA4_chr2_25348467_67,HEK293_sgRNA4,GGCACTGCGGCTGGAGGTGGCGG,GGAACTGTGGCTGGAGGTGGCAG,0
HEK293_sgRNA4_chr9_139522900_66,HEK293_sgRNA4,GGCACTGCGGCTGGAGGTGGCGG,GCCACAGCGGCCGGAGGTGGCAG,0
HEK293_sgRNA4_chr5_177676325_64,HEK293_sgRNA4,GGCACTGCGGCTGGAGGTGGGGG,GCCACTGTGGCTGGAGGTGGGGA,0
HEK293_sgRNA4_chr3_184289225_62,HEK293_sgRNA4,GGCACTGCGGCTGGAGGTGGGGG,GGCACGGAGGCTGGAAGTGGGGG,0
HEK293_sgRNA4_chr9_136602370_61,HEK293_sgRNA4,GGCACTGCGGCTGGAGGTGGGGG,GGCACTGGGGCAGGAGATGGGGG,0
HEK293_sgRNA4_chr3_52035832_60,HEK293_sgRNA4,GGCACTGCGGCTGGAGGTGGGGG,GGCACTGAATCTGGAGGTGGGGG,0
HEK293_sgRNA4_chr20_61810738_59,HEK293_sgRNA4,GGCACTGCGGCTGGAGGTGGCGG,GTCACTGCGGCTGCAGATGGCGG,0
HEK293_sgRNA4_chr16_28266968_53,HEK293_sgRNA4,GGCACTGCGGCTGGAGGTGGCGG,GGCTCTTCGGCTGGAGGTAGCGG,0
HEK293_sgRNA4_chr12_53453556_49,HEK293_sgRNA4,GGCACTGCGGCTGGAGGTGGAGG,TGGACTGCGGCTGGAGAGGGAGG,0
HEK293_sgRNA4_chr14_21993454_49,HEK293_sgRNA4,GGCACTGCGGCTGGAGGTGGCGG,GGTACAGCGGCTGGGGGAGGCGG,0
HEK293_sgRNA4_chr3_52321883_47,HEK293_sgRNA4,GGCACTGCGGCTGGAGGTGGGGG,GGCACCGCGGCCGGAGCTGTGGG,0
HEK293_sgRNA4_chr3_23651527_40,HEK293_sgRNA4,GGCACTGCGGCTGGAGGTGGAGG,GGCACAGCAGGTGGAGGTGGAGG,0
HEK293_sgRNA4_chr15_34081545_39,HEK293_sgRNA4,GGCACTGCGGCTGGAGGTGGAGG,AGCACTGTAGCAAGAGGTGGAGG,0
HEK293_sgRNA4_chr20_24376056_38,HEK293_sgRNA4,GGCACTGCGGCTGGAGGTGGTGG,GGCACTGAGACCAGAGGTGGTGG,0
HEK293_sgRNA4_chr8_144781301_37,HEK293_sgRNA4,GGCACTGCGGCTGGAGGTGGGGG,GACACTGCAGCTGGAGGTGGGGT,0
HEK293_sgRNA4_chr5_3606830_36,HEK293_sgRNA4,GGCACTGCGGCTGGAGGTGGCGG,GACACAACGGCAGGAGGTGGCGG,0
HEK293_sgRNA4_chr1_204463911_33,HEK293_sgRNA4,GGCACTGCGGCTGGAGGTGGCGG,GGCGCTGCGGCTGGAGCCGGCGG,0
HEK293_sgRNA4_chr17_16982385_33,HEK293_sgRNA4,GGCACTGCGGCTGGAGGTGGCGG,CAGACTGCGGCAGGGGGTGGCGG,0
HEK293_sgRNA4_chr6_51500472_32,HEK293_sgRNA4,GGCACTGCGGCTGGAGGTGGGGG,GACACAGTGGCTGGAGGTGTGGG,0
HEK293_sgRNA4_chr10_73435247_32,HEK293_sgRNA4,GGCACTGCGGCTGGAGGTGGTGG,GTAACTGCGGCTGGCGGTGGTGG,0
HEK293_sgRNA4_chr14_95761249_31,HEK293_sgRNA4,GGCACTGCGGCTGGAGGTGGGGG,GGCACTCTGGCTGGAGCTGGGGG,0
HEK293_sgRNA4_chr9_140205577_30,HEK293_sgRNA4,GGCACTGCGGCTGGAGGTGGTGG,GGCCCTGGGGCTGGAGGTGTTGG,0
HEK293_sgRNA4_chr5_96338759_29,HEK293_sgRNA4,GGCACTGCGGCTGGAGGTGGAGG,AGCACTGGGGATGGAGGTGTAGG,0
HEK293_sgRNA4_chr13_41969958_27,HEK293_sgRNA4,GGCACTGCGGCTGGAGGTGGTGG,AACACTGTGGCCGGGGGTGGTGG,0
HEK293_sgRNA4_chr17_64544877_25,HEK293_sgRNA4,GGCACTGCGGCTGGAGGTGGTGG,GGCAGGGCGGCTGGAGGAGGTGG,0
HEK293_sgRNA4_chr2_241640853_24,HEK293_sgRNA4,GGCACTGCGGCTGGAGGTGGTGG,GGGGCTGCGGCCGGAGGTGGTGG,0
HEK293_sgRNA4_chr16_1029978_24,HEK293_sgRNA4,GGCACTGCGGCTGGAGGTGGGGG,GGCACTGCAGACGGAGGTGTGGG,0
HEK293_sgRNA4_chr9_138465751_23,HEK293_sgRNA4,GGCACTGCGGCTGGAGGTGGTGG,TACACTGCGGCCGGGAGTGGTGG,0
HEK293_sgRNA4_chr4_183980137_22,HEK293_sgRNA4,GGCACTGCGGCTGGAGGTGGGGG,GGCACTGTGGCAAGAGGTGGGAG,0
HEK293_sgRNA4_chr5_54469282_22,HEK293_sgRNA4,GGCACTGCGGCTGGAGGTGGAGG,GCCACCGCGGCAGGAGGCGGAGG,0
HEK293_sgRNA4_chr6_33611484_22,HEK293_sgRNA4,GGCACTGCGGCTGGAGGTGGAGG,GGCACTGGGGCTGGGGGTGCAGG,0
HEK293_sgRNA4_chr16_89469251_21,HEK293_sgRNA4,GGCACTGCGGCTGGAGGTGGGGG,GGCACTGCGGGAGGAGGTGGGCG,0
HEK293_sgRNA4_chr15_101714924_20,HEK293_sgRNA4,GGCACTGCGGCTGGAGGTGGTGG,GGCGCAGCGGCTGGAGGAGGTGC,0
HEK293_sgRNA4_chr12_113935461_19,HEK293_sgRNA4,GGCACTGCGGCTGGAGGTGGGGG,GGCCCTGCGGCTGGAGATATGGG,0
HEK293_sgRNA4_chr12_48045645_18,HEK293_sgRNA4,GGCACTGCGGCTGGAGGTGGCGG,AGCACAGCGGCTGGAGAAGGCAG,0
HEK293_sgRNA4_chr9_5020590_17,HEK293_sgRNA4,GGCACTGCGGCTGGAGGTGGAGG,TGCACTGCAGCTGCAGGTGGAGG,0
HEK293_sgRNA4_chr9_74103954_17,HEK293_sgRNA4,GGCACTGCGGCTGGAGGTGGGGG,GGCACTGCAGCAGGGGATGGGGG,0
HEK293_sgRNA4_chr22_43768275_17,HEK293_sgRNA4,GGCACTGCGGCTGGAGGTGGGGG,AGCACTGCGCTTGGGGGTGGGGG,0
HEK293_sgRNA4_chr12_131356926_16,HEK293_sgRNA4,GGCACTGCGGCTGGAGGTGGAGG,GGAACGGCGGCCGGAGGTGTAGG,0
HEK293_sgRNA4_chr8_20854500_13,HEK293_sgRNA4,GGCACTGCGGCTGGAGGTGGGGG,GGCACTGGGGCTGGAGACGGGGG,0
HEK293_sgRNA4_chr12_55427953_13,HEK293_sgRNA4,GGCACTGCGGCTGGAGGTGGAGG,GGCACTGAGAAAGGAGGTGGAGG,0
HEK293_sgRNA4_chr22_35746282_13,HEK293_sgRNA4,GGCACTGCGGCTGGAGGTGGAGG,GACACTAGGGCAGGAGGTGGAGG,0
HEK293_sgRNA4_chr1_160016384_12,HEK293_sgRNA4,GGCACTGCGGCTGGAGGTGGCGG,GGCACTACAGCTGGAGGTGGCAA,0
HEK293_sgRNA4_chr3_130508524_12,HEK293_sgRNA4,GGCACTGCGGCTGGAGGTGGAGG,GACACTGTGGCTGGAAGTGGAAG,0
HEK293_sgRNA4_chr7_157443385_12,HEK293_sgRNA4,GGCACTGCGGCTGGAGGTGGAGG,GGCACTGGGTCTGAAGGTGGAGG,0
HEK293_sgRNA4_chr9_111305521_12,HEK293_sgRNA4,GGCACTGCGGCTGGAGGTGGTGG,GGCACAGGGGCTGAAGGTGATGG,0
HEK293_sgRNA4_chr20_60174570_12,HEK293_sgRNA4,GGCACTGCGGCTGGAGGTGGGGG,CCCACTGTGGCTGGAGGTGTGGG,0
HEK293_sgRNA4_chr15_71686928_11,HEK293_sgRNA4,GGCACTGCGGCTGGAGGTGGAGG,TGCTCTGCGGCAGGAGGAGGAGG,0
HEK293_sgRNA4_chr2_96016389_10,HEK293_sgRNA4,GGCACTGCGGCTGGAGGTGGGGG,AGCACAGAGGCTGGAGGTGGGGT,0
HEK293_sgRNA4_chr3_142741805_10,HEK293_sgRNA4,GGCACTGCGGCTGGAGGTGGGGG,GGCAGTCCGGATGGAGGTGGGGG,0
HEK293_sgRNA4_chr4_82962294_10,HEK293_sgRNA4,GGCACTGCGGCTGGAGGTGGGGG,AAGACTGGGGCTGGAGGTGGGGG,0
HEK293_sgRNA4_chr14_63796588_10,HEK293_sgRNA4,GGCACTGCGGCTGGAGGTGGGGG,GACACTAAGGCTGGAGGTGGGGA,0
HEK293_sgRNA4_chr19_15302535_10,HEK293_sgRNA4,GGCACTGCGGCTGGAGGTGGCGG,GGCACTGCGGCCAGAGGGAGCGG,0
HEK293_sgRNA4_chr21_46875425_9,HEK293_sgRNA4,GGCACTGCGGCTGGAGGTGGGGG,GGCAGTGCGGCTGGAGCTGCGGG,0
HEK293_sgRNA4_chr1_1956152_8,HEK293_sgRNA4,GGCACTGCGGCTGGAGGTGGAGG,GGCACTGAGGCCGGAGGAGGAAG,0
HEK293_sgRNA4_chr2_98637989_8,HEK293_sgRNA4,GGCACTGCGGCTGGAGGTGGGGG,GGCACTGGGAATGGAGGTTGGGG,0
HEK293_sgRNA4_chr3_66705574_8,HEK293_sgRNA4,GGCACTGCGGCTGGAGGTGGGGG,GGCACTGGGGCAGGAGTTGGGGG,0
HEK293_sgRNA4_chr6_158452389_8,HEK293_sgRNA4,GGCACTGCGGCTGGAGGTGGGGG,AGCTCTGTGGCTGGAGGTGTGAG,0
HEK293_sgRNA4_chr7_95064070_8,HEK293_sgRNA4,GGCACTGCGGCTGGAGGTGGAGG,GGCCCTGCGGCCGGGGGTGGAGA,0
HEK293_sgRNA4_chr16_67742859_8,HEK293_sgRNA4,GGCACTGCGGCTGGAGGTGGGGG,AGCACTGGGGCCAGAGGTGAGGG,0
HEK293_sgRNA4_chr22_49132903_8,HEK293_sgRNA4,GGCACTGCGGCTGGAGGTGGGGG,AGCACAGCAGCTGCAGGTGGGGG,0
HEK293_sgRNA4_chrX_123096978_8,HEK293_sgRNA4,GGCACTGCGGCTGGAGGTGGGGG,AGCACCGCTGCTGGGGGCGGGGG,0
HEK293_sgRNA4_chr1_12259809_7,HEK293_sgRNA4,GGCACTGCGGCTGGAGGTGGGGG,AGCACTGCAGCGGGAGGTGAGAG,0
HEK293_sgRNA4_chr7_139631_7,HEK293_sgRNA4,GGCACTGCGGCTGGAGGTGGAGG,TGCACCGCGGCTGGGGCTGGAGG,0
HEK293_sgRNA4_chr13_48891654_7,HEK293_sgRNA4,GGCACTGCGGCTGGAGGTGGTGG,GGCACCGAGGCCGGAGGTGCTGG,0
HEK293_sgRNA4_chr17_38478447_7,HEK293_sgRNA4,GGCACTGCGGCTGGAGGTGGGGG,GGCACCTTGGCTGAAGGTGGGGG,0
HEK293_sgRNA4_chr22_51011687_7,HEK293_sgRNA4,GGCACTGCGGCTGGAGGTGGGGG,CAGGCTGCGCCTGGAGGTGGGGG,0
HEK293_sgRNA4_chr1_44397931_6,HEK293_sgRNA4,GGCACTGCGGCTGGAGGTGGTGG,AGAACTGCTGCTGGAGGTGGTGG,0
HEK293_sgRNA4_chr6_10416021_6,HEK293_sgRNA4,GGCACTGCGGCTGGAGGTGGTGG,GGCGCTGCGGCCCGAGGGGGTGG,0
HEK293_sgRNA4_chr6_13588034_6,HEK293_sgRNA4,GGCACTGCGGCTGGAGGTGGGGG,AGCACAGCGACTGAAGGTGAGGG,0
HEK293_sgRNA4_chr6_40975969_6,HEK293_sgRNA4,GGCACTGCGGCTGGAGGTGGGGG,AGCACCATGGCTAGAGGTGTGGG,0
HEK293_sgRNA4_chr7_29233958_6,HEK293_sgRNA4,GGCACTGCGGCTGGAGGTGGAGG,GCCACTGGGGCTGGAGGGGGAGG,0
HEK293_sgRNA4_chr22_27650937_6,HEK293_sgRNA4,GGCACTGCGGCTGGAGGTGGGGG,GGCACCAGGCCTGGAGGTGTGGG,0
HEK293_sgRNA4_chr5_139284046_5,HEK293_sgRNA4,GGCACTGCGGCTGGAGGTGGCGG,GGCACTGAGGCTGCAGGCGGCGG,0
HEK293_sgRNA4_chr7_150498859_5,HEK293_sgRNA4,GGCACTGCGGCTGGAGGTGGGGG,GCTGCTGCGGCTGGAGGTGGGGA,0
HEK293_sgRNA4_chr17_1007831_5,HEK293_sgRNA4,GGCACTGCGGCTGGAGGTGGGGG,GCCACTGGGCCTGGGGGTGGGGG,0
HEK293_sgRNA4_chrX_152805652_5,HEK293_sgRNA4,GGCACTGCGGCTGGAGGTGGAGG,GCCACTGAGGCCGGAGGTGGAGA,0
HEK293_sgRNA4_chr1_150530478_4,HEK293_sgRNA4,GGCACTGCGGCTGGAGGTGGTGG,GGCACTGCAGCTGGCGGTGCTGG,0
HEK293_sgRNA4_chr6_41374185_4,HEK293_sgRNA4,GGCACTGCGGCTGGAGGTGGGGG,GGGCACGCGGCTGGAGGAGGGGG,0
HEK293_sgRNA4_chr15_60790562_4,HEK293_sgRNA4,GGCACTGCGGCTGGAGGTGGTGG,GGCACTGCAACTGGAAGTGATGG,0
HEK293_sgRNA4_chr19_12721963_4,HEK293_sgRNA4,GGCACTGCGGCTGGAGGTGGCGG,CACACTGCGGCCGGAGGTGACCG,0
HEK293_sgRNA4_chr20_22805414_4,HEK293_sgRNA4,GGCACTGCGGCTGGAGGTGGGGG,AGCACTGTTACAGGAGGTGGGGG,0
HEK293_sgRNA4_chr3_195550472_3,HEK293_sgRNA4,GGCACTGCGGCTGGAGGTGGGGG,GGCACAGGGGCTGGAGGTGGGGC,0
HEK293_sgRNA4_chr22_41620072_3,HEK293_sgRNA4,GGCACTGCGGCTGGAGGTGGTGG,GGGCATGCGGCTGGAAGTGGTGG,0
HEK293_sgRNA4_chr12_54977735_2,HEK293_sgRNA4,GGCACTGCGGCTGGAGGTGGGGG,GACACTGCCTCTGGGGGTGGGGG,0
VEGFA_site1_chr17_39796328_4434,VEGFA_site1,GGGTGGGGGGAGTTTGCTCCTGG,GGGTGGAGGGAGCTTGCTCCTGG,1
VEGFA_site1_chr6_43737297_3729,VEGFA_site1,GGGTGGGGGGAGTTTGCTCCTGG,GGGTGGGGGGAGTTTGCTCCTGG,1
VEGFA_site1_chr15_65637537_1947,VEGFA_site1,GGGTGGGGGGAGTTTGCTCCTGG,GGATGGAGGGAGTTTGCTCCTGG,1
VEGFA_site1_chr22_37215275_995,VEGFA_site1,GGGTGGGGGGAGTTTGCTCCAGG,GGGTGGGGGGAGTTTGCCCCAGG,1
VEGFA_site1_chr5_32945274_672,VEGFA_site1,GGGTGGGGGGAGTTTGCTCCCGG,GGGTGGGGGGTGTTTGCTCCCGG,1
VEGFA_site1_chr12_1988076_224,VEGFA_site1,GGGTGGGGGGAGTTTGCTCCTGG,GGGGGGAGGGAGTTTGCTCCTGG,1
VEGFA_site1_chr5_139263023_183,VEGFA_site1,GGGTGGGGGGAGTTTGCTCCTGG,GGGGGGGGGCAGTTTGCTCCTGG,1
VEGFA_site1_chr6_50485681_69,VEGFA_site1,GGGTGGGGGGAGTTTGCTCCAGG,GGGTGTGGGGAATTTGCTCCAGG,1
VEGFA_site1_chr4_8453802_23,VEGFA_site1,GGGTGGGGGGAGTTTGCTCCAGG,GGGTGGGTGGAGTTTGCTACAGG,1
VEGFA_site1_chr17_47317539_6,VEGFA_site1,GGGTGGGGGGAGTTTGCTCCAGG,GGGGTGGGGGAGCTTGCTCCAGG,1
VEGFA_site3_chr6_43737470_3140,VEGFA_site3,GGTGAGTGAGTGTGTGCGTGTGG,GGTGAGTGAGTGTGTGCGTGTGG,1
VEGFA_site3_chr14_65569159_2698,VEGFA_site3,GGTGAGTGAGTGTGTGCGTGGGG,GGTGAGTGAGTGTGTGTGTGGGG,1
VEGFA_site3_chr22_37662824_1334,VEGFA_site3,GGTGAGTGAGTGTGTGCGTGTGG,GGTGAGTGAGTGTATGCGTGTGG,1
VEGFA_site3_chr19_40561867_859,VEGFA_site3,GGTGAGTGAGTGTGTGCGTGAGG,GGTGTGTGAGTGTGTGCGTGAGG,1
VEGFA_site3_chr5_89440969_826,VEGFA_site3,GGTGAGTGAGTGTGTGCGTGAGG,GGTGAGTGAGTGTGTGCATGAGG,1
VEGFA_site3_chr19_47732493_406,VEGFA_site3,GGTGAGTGAGTGTGTGCGTGTGG,GGTGAGTGAGTGTGTGTGTGTGG,1
VEGFA_site3_chr10_98760588_319,VEGFA_site3,GGTGAGTGAGTGTGTGCGTGAGG,GGTGAGTGAATGTGTGCGTGAGG,1
VEGFA_site3_chr5_115434677_215,VEGFA_site3,GGTGAGTGAGTGTGTGCGTGAGG,GGTGGGTGAGTGTGTGCGTGAGG,1
VEGFA_site3_chr10_105307472_183,VEGFA_site3,GGTGAGTGAGTGTGTGCGTGGGG,GGTGTGTGAGTGTGTGCGTGGGG,1
VEGFA_site3_chr8_48997805_105,VEGFA_site3,GGTGAGTGAGTGTGTGCGTGTGG,GGTGAGTGAGTGTGTGTGTGTGG,1
VEGFA_site3_chr14_44199342_75,VEGFA_site3,GGTGAGTGAGTGTGTGCGTGGGG,GGTGAGTGAGTGTGTGTGTGGTG,1
VEGFA_site3_chr16_80016330_50,VEGFA_site3,GGTGAGTGAGTGTGTGCGTGTGG,GGTGAGTGAGTGTGTGCGTGTGA,1
VEGFA_site3_chr3_71632809_30,VEGFA_site3,GGTGAGTGAGTGTGTGCGTGGGG,GGTGAGTGAGTGTGTGCGCGGGG,1
VEGFA_site3_chr12_57612416_7,VEGFA_site3,GGTGAGTGAGTGTGTGCGTGAGG,GGTGAGTGAGAGTGAGCGTGAGG,1
VEGFA_site3_chr5_177239512_2,VEGFA_site3,GGTGAGTGAGTGTGTGCGTGTGG,GGTGGGTGAGGGTGTGCGGGTGA,1
VEGFA_site3_chr6_44149312_2,VEGFA_site3,GGTGAGTGAGTGTGTGCGTGTGG,GGTATGTGAGTGTGTATGTGTGG,1
EMX1_chr2_73160998_7539,EMX1,GAGTCCGAGCAGAAGAAGAAGGG,GAGTCCGAGCAGAAGAAGAAGGG,1
EMX1_chr6_9118799_189,EMX1,GAGTCCGAGCAGAAGAAGAATGG,GAGTCTGAGCAGAAGAAGAATGG,1
EMX1_chr3_95690185_28,EMX1,GAGTCCGAGCAGAAGAAGAAGGG,GAATCCAAGCAGAAGAAGAAGAG,1
EMX1_chr1_151027597_12,EMX1,GAGTCCGAGCAGAAGAAGAAGGG,GACTCCAAGCAGAAGAAGAAGAG,1
